{"cameraMode":{"drawMode":0,"name":"Shaded","section":"Shading Mode"},"sceneLighting":false,"audioPlay":false,"sceneViewState":{"showFog":true,"showMaterialUpdate":false,"showSkybox":true,"showFlares":true,"showImageEffects":true,"showParticleSystems":true},"in2DMode":false,"pivot":{"x":4.118786334991455,"y":2.923647165298462,"z":1.3722904920578004},"rotation":{"x":0.3951255977153778,"y":0.16529963910579682,"z":-0.07251288741827011,"w":0.9007185101509094},"size":3.5225753784179689,"orthographic":false}